{"cameraMode":{"drawMode":0,"name":"Shaded","section":"Shading Mode"},"sceneLighting":false,"audioPlay":false,"sceneViewState":{"showFog":true,"showMaterialUpdate":true,"showSkybox":false,"showFlares":true,"showImageEffects":true,"showParticleSystems":true},"in2DMode":false,"pivot":{"x":47.423709869384769,"y":23.82593536376953,"z":-39.96320343017578},"rotation":{"x":-0.16686761379241944,"y":0.31421026587486269,"z":-0.05620544031262398,"w":-0.9328877925872803},"size":12.164461135864258,"orthographic":false}