{"cameraMode":{"drawMode":0,"name":"Shaded","section":"Shading Mode"},"sceneLighting":false,"audioPlay":false,"sceneViewState":{"showFog":true,"showMaterialUpdate":true,"showSkybox":false,"showFlares":true,"showImageEffects":true,"showParticleSystems":true},"in2DMode":false,"pivot":{"x":-113.38093566894531,"y":-49.53723907470703,"z":-61.54545593261719},"rotation":{"x":-0.09565234184265137,"y":0.8623096346855164,"z":-0.46478357911109927,"w":-0.17704501748085023},"size":33.695220947265628,"orthographic":false}