{"cameraMode":{"drawMode":0,"name":"Shaded","section":"Shading Mode"},"sceneLighting":false,"audioPlay":false,"sceneViewState":{"showFog":true,"showMaterialUpdate":true,"showSkybox":false,"showFlares":true,"showImageEffects":true,"showParticleSystems":true},"in2DMode":false,"pivot":{"x":42.58878707885742,"y":-4.8934006690979,"z":-16.528648376464845},"rotation":{"x":-0.42718207836151125,"y":-0.14489074051380158,"z":0.06955378502607346,"w":-0.8897761702537537},"size":20.734664916992189,"orthographic":false}