{"cameraMode":{"drawMode":0,"name":"Shaded","section":"Shading Mode"},"sceneLighting":false,"audioPlay":false,"sceneViewState":{"showFog":true,"showMaterialUpdate":true,"showSkybox":false,"showFlares":true,"showImageEffects":true,"showParticleSystems":true},"in2DMode":false,"pivot":{"x":318.573486328125,"y":64.82705688476563,"z":398.81170654296877},"rotation":{"x":0.3477746546268463,"y":0.12993848323822022,"z":-0.04868309572339058,"w":0.9272979497909546},"size":32.40224075317383,"orthographic":false}