{"cameraMode":{"drawMode":0,"name":"Shaded","section":"Shading Mode"},"sceneLighting":false,"audioPlay":false,"sceneViewState":{"showFog":true,"showMaterialUpdate":true,"showSkybox":false,"showFlares":true,"showImageEffects":true,"showParticleSystems":true},"in2DMode":false,"pivot":{"x":36.08195114135742,"y":-8.353521347045899,"z":-59.86695861816406},"rotation":{"x":-0.42718207836151125,"y":-0.14489074051380158,"z":0.06955378502607346,"w":-0.8897761702537537},"size":24.06584930419922,"orthographic":false}