{"cameraMode":{"drawMode":0,"name":"Shaded","section":"Shading Mode"},"sceneLighting":false,"audioPlay":false,"sceneViewState":{"showFog":true,"showMaterialUpdate":true,"showSkybox":false,"showFlares":true,"showImageEffects":true,"showParticleSystems":true},"in2DMode":false,"pivot":{"x":357.3115234375,"y":101.33901977539063,"z":101.30252075195313},"rotation":{"x":-0.10759507119655609,"y":-0.8704044818878174,"z":0.21880130469799043,"w":-0.4278097450733185},"size":15.925254821777344,"orthographic":false}