{"cameraMode":{"drawMode":0,"name":"Shaded","section":"Shading Mode"},"sceneLighting":false,"audioPlay":false,"sceneViewState":{"showFog":true,"showMaterialUpdate":true,"showSkybox":false,"showFlares":true,"showImageEffects":true,"showParticleSystems":true},"in2DMode":false,"pivot":{"x":240.01304626464845,"y":140.1884765625,"z":145.77822875976563},"rotation":{"x":-0.197597473859787,"y":-0.001530720735900104,"z":0.0004569157026708126,"w":-0.9803305864334106},"size":21.592140197753908,"orthographic":false}