{"cameraMode":{"drawMode":0,"name":"Shaded","section":"Shading Mode"},"sceneLighting":false,"audioPlay":false,"sceneViewState":{"showFog":true,"showMaterialUpdate":true,"showSkybox":false,"showFlares":true,"showImageEffects":true,"showParticleSystems":true},"in2DMode":false,"pivot":{"x":83.41559600830078,"y":-0.8840949535369873,"z":69.81787109375},"rotation":{"x":0.21928198635578156,"y":-0.014314524829387665,"z":0.0032216443214565517,"w":0.9755600094795227},"size":22.0,"orthographic":false}