{"cameraMode":{"drawMode":0,"name":"Shaded","section":"Shading Mode"},"sceneLighting":true,"audioPlay":false,"sceneViewState":{"showFog":true,"showMaterialUpdate":true,"showSkybox":true,"showFlares":true,"showImageEffects":true,"showParticleSystems":true},"in2DMode":false,"pivot":{"x":874.83935546875,"y":121.53517150878906,"z":1170.73388671875},"rotation":{"x":0.2242349237203598,"y":-0.2775673568248749,"z":0.06875867396593094,"w":0.9317833781242371},"size":187.78408813476563,"orthographic":false}