{"cameraMode":{"drawMode":0,"name":"Shaded","section":"Shading Mode"},"sceneLighting":false,"audioPlay":false,"sceneViewState":{"showFog":true,"showMaterialUpdate":true,"showSkybox":false,"showFlares":true,"showImageEffects":true,"showParticleSystems":true},"in2DMode":false,"pivot":{"x":-3.215853691101074,"y":-1.0997819900512696,"z":0.39797496795654299},"rotation":{"x":-0.2248338758945465,"y":-0.42455872893333437,"z":0.1098310574889183,"w":-0.8701984882354736},"size":9.029670715332032,"orthographic":false}