{"cameraMode":{"drawMode":0,"name":"Shaded","section":"Shading Mode"},"sceneLighting":false,"audioPlay":false,"sceneViewState":{"showFog":true,"showMaterialUpdate":true,"showSkybox":false,"showFlares":true,"showImageEffects":true,"showParticleSystems":true},"in2DMode":false,"pivot":{"x":359.3180236816406,"y":4.7895827293396,"z":127.25987243652344},"rotation":{"x":-0.0011737303575500846,"y":0.9941584467887878,"z":-0.10868021845817566,"w":-0.007132536731660366},"size":11.000484466552735,"orthographic":false}