{"cameraMode":{"drawMode":0,"name":"Shaded","section":"Shading Mode"},"sceneLighting":false,"audioPlay":false,"sceneViewState":{"showFog":true,"showMaterialUpdate":true,"showSkybox":false,"showFlares":true,"showImageEffects":true,"showParticleSystems":true},"in2DMode":false,"pivot":{"x":376.2430114746094,"y":102.165771484375,"z":135.75347900390626},"rotation":{"x":-0.27464327216148379,"y":-0.10364913940429688,"z":0.029939010739326478,"w":-0.9555243849754334},"size":11.477385520935059,"orthographic":false}