{"cameraMode":{"drawMode":0,"name":"Shaded","section":"Shading Mode"},"sceneLighting":false,"audioPlay":false,"sceneViewState":{"showFog":true,"showMaterialUpdate":true,"showSkybox":false,"showFlares":true,"showImageEffects":true,"showParticleSystems":true},"in2DMode":false,"pivot":{"x":55.77470779418945,"y":23.468286514282228,"z":-40.21552658081055},"rotation":{"x":-0.16686761379241944,"y":0.31421026587486269,"z":-0.05620544031262398,"w":-0.9328877925872803},"size":21.539474487304689,"orthographic":false}