{"cameraMode":{"drawMode":0,"name":"Shaded","section":"Shading Mode"},"sceneLighting":false,"audioPlay":false,"sceneViewState":{"showFog":true,"showMaterialUpdate":true,"showSkybox":false,"showFlares":true,"showImageEffects":true,"showParticleSystems":true},"in2DMode":false,"pivot":{"x":257.1120910644531,"y":153.38800048828126,"z":147.868408203125},"rotation":{"x":-0.197597473859787,"y":-0.001530720735900104,"z":0.0004569157026708126,"w":-0.9803305864334106},"size":55.30200958251953,"orthographic":false}