{"cameraMode":{"drawMode":0,"name":"Shaded","section":"Shading Mode"},"sceneLighting":false,"audioPlay":false,"sceneViewState":{"showFog":true,"showMaterialUpdate":true,"showSkybox":false,"showFlares":true,"showImageEffects":true,"showParticleSystems":true},"in2DMode":false,"pivot":{"x":272.240478515625,"y":437.2847900390625,"z":166.11737060546876},"rotation":{"x":0.0862804651260376,"y":0.015143523924052716,"z":-0.001452848082408309,"w":0.9962158203125},"size":294.0095520019531,"orthographic":true}