{"cameraMode":{"drawMode":0,"name":"Shaded","section":"Shading Mode"},"sceneLighting":false,"audioPlay":false,"sceneViewState":{"showFog":true,"showMaterialUpdate":true,"showSkybox":false,"showFlares":true,"showImageEffects":true,"showParticleSystems":true},"in2DMode":false,"pivot":{"x":219.693115234375,"y":138.6145782470703,"z":138.33062744140626},"rotation":{"x":-0.197597473859787,"y":-0.001530720735900104,"z":0.0004569157026708126,"w":-0.9803305864334106},"size":45.59394454956055,"orthographic":false}