{"cameraMode":{"drawMode":0,"name":"Shaded","section":"Shading Mode"},"sceneLighting":false,"audioPlay":false,"sceneViewState":{"showFog":true,"showMaterialUpdate":true,"showSkybox":false,"showFlares":true,"showImageEffects":true,"showParticleSystems":true},"in2DMode":false,"pivot":{"x":-171.8936309814453,"y":-4.6165385246276859,"z":-57.49993896484375},"rotation":{"x":-0.42718207836151125,"y":-0.14489074051380158,"z":0.06955378502607346,"w":-0.8897761702537537},"size":20.205785751342775,"orthographic":false}