{"cameraMode":{"drawMode":0,"name":"Shaded","section":"Shading Mode"},"sceneLighting":false,"audioPlay":false,"sceneViewState":{"showFog":true,"showMaterialUpdate":true,"showSkybox":false,"showFlares":true,"showImageEffects":true,"showParticleSystems":true},"in2DMode":false,"pivot":{"x":-268.1112365722656,"y":68.5555419921875,"z":19.618772506713868},"rotation":{"x":-0.5101221203804016,"y":-0.20060785114765168,"z":0.12370484322309494,"w":-0.8271915912628174},"size":79.08216094970703,"orthographic":false}