{"cameraMode":{"drawMode":0,"name":"Shaded","section":"Shading Mode"},"sceneLighting":false,"audioPlay":false,"sceneViewState":{"showFog":true,"showMaterialUpdate":true,"showSkybox":false,"showFlares":true,"showImageEffects":true,"showParticleSystems":true},"in2DMode":false,"pivot":{"x":2.906921148300171,"y":23.46355438232422,"z":-41.91022491455078},"rotation":{"x":-0.10181768238544464,"y":-0.6061604022979736,"z":0.07862882316112519,"w":-0.7848778367042542},"size":41.85322189331055,"orthographic":false}