{"cameraMode":{"drawMode":0,"name":"Shaded","section":"Shading Mode"},"sceneLighting":false,"audioPlay":false,"sceneViewState":{"showFog":true,"showMaterialUpdate":true,"showSkybox":false,"showFlares":true,"showImageEffects":true,"showParticleSystems":true},"in2DMode":false,"pivot":{"x":429.9541015625,"y":56.564788818359378,"z":149.55369567871095},"rotation":{"x":-0.33168935775756838,"y":-0.6340204477310181,"z":0.3470485508441925,"w":-0.6063569188117981},"size":107.27250671386719,"orthographic":false}