{"cameraMode":{"drawMode":0,"name":"Shaded","section":"Shading Mode"},"sceneLighting":false,"audioPlay":false,"sceneViewState":{"showFog":true,"showMaterialUpdate":true,"showSkybox":false,"showFlares":true,"showImageEffects":true,"showParticleSystems":true},"in2DMode":false,"pivot":{"x":17.281110763549806,"y":10.346248626708985,"z":-29.578731536865236},"rotation":{"x":-0.13328203558921815,"y":-0.8357311487197876,"z":0.23173852264881135,"w":-0.4798450469970703},"size":33.14999771118164,"orthographic":false}