{"cameraMode":{"drawMode":0,"name":"Shaded","section":"Shading Mode"},"sceneLighting":false,"audioPlay":false,"sceneViewState":{"showFog":true,"showMaterialUpdate":true,"showSkybox":false,"showFlares":true,"showImageEffects":true,"showParticleSystems":true},"in2DMode":false,"pivot":{"x":48.17244338989258,"y":22.884450912475587,"z":-40.01775360107422},"rotation":{"x":-0.16686761379241944,"y":0.31421026587486269,"z":-0.05620544031262398,"w":-0.9328877925872803},"size":1.823346495628357,"orthographic":false}