{"cameraMode":{"drawMode":0,"name":"Shaded","section":"Shading Mode"},"sceneLighting":false,"audioPlay":false,"sceneViewState":{"showFog":true,"showMaterialUpdate":true,"showSkybox":false,"showFlares":true,"showImageEffects":true,"showParticleSystems":true},"in2DMode":false,"pivot":{"x":13.467906951904297,"y":23.867549896240236,"z":-42.35299301147461},"rotation":{"x":-0.10181768238544464,"y":-0.6061604022979736,"z":0.07862882316112519,"w":-0.7848778367042542},"size":43.94884490966797,"orthographic":false}