{"cameraMode":{"drawMode":0,"name":"Shaded","section":"Shading Mode"},"sceneLighting":false,"audioPlay":false,"sceneViewState":{"showFog":true,"showMaterialUpdate":true,"showSkybox":false,"showFlares":true,"showImageEffects":true,"showParticleSystems":true},"in2DMode":false,"pivot":{"x":-85.66326904296875,"y":22.492849349975587,"z":-17.718116760253908},"rotation":{"x":-0.10181768238544464,"y":-0.6061604022979736,"z":0.07862882316112519,"w":-0.7848778367042542},"size":4.35992431640625,"orthographic":false}