{"cameraMode":{"drawMode":0,"name":"Shaded","section":"Shading Mode"},"sceneLighting":false,"audioPlay":false,"sceneViewState":{"showFog":true,"showMaterialUpdate":true,"showSkybox":false,"showFlares":true,"showImageEffects":true,"showParticleSystems":true},"in2DMode":false,"pivot":{"x":-20.237998962402345,"y":23.059457778930665,"z":-16.41776466369629},"rotation":{"x":-0.10181768238544464,"y":-0.6061604022979736,"z":0.07862882316112519,"w":-0.7848778367042542},"size":14.692402839660645,"orthographic":false}