{"cameraMode":{"drawMode":0,"name":"Shaded","section":"Shading Mode"},"sceneLighting":false,"audioPlay":false,"sceneViewState":{"showFog":true,"showMaterialUpdate":true,"showSkybox":false,"showFlares":true,"showImageEffects":true,"showParticleSystems":true},"in2DMode":false,"pivot":{"x":221.17710876464845,"y":26.866880416870118,"z":100.14156341552735},"rotation":{"x":-0.21578973531723023,"y":0.0037886276841163637,"z":-0.0008397374767810106,"w":-0.9764381051063538},"size":3.7001211643218996,"orthographic":false}