{"cameraMode":{"drawMode":0,"name":"Shaded","section":"Shading Mode"},"sceneLighting":false,"audioPlay":false,"sceneViewState":{"showFog":true,"showMaterialUpdate":true,"showSkybox":false,"showFlares":true,"showImageEffects":true,"showParticleSystems":true},"in2DMode":false,"pivot":{"x":207.02969360351563,"y":25.612642288208009,"z":110.47501373291016},"rotation":{"x":-0.08722222596406937,"y":0.07788188755512238,"z":-0.006841079797595739,"w":-0.9931274652481079},"size":11.888389587402344,"orthographic":false}