{"cameraMode":{"drawMode":0,"name":"Shaded","section":"Shading Mode"},"sceneLighting":false,"audioPlay":false,"sceneViewState":{"showFog":true,"showMaterialUpdate":true,"showSkybox":false,"showFlares":true,"showImageEffects":true,"showParticleSystems":true},"in2DMode":false,"pivot":{"x":187.10427856445313,"y":131.36376953125,"z":168.52523803710938},"rotation":{"x":-0.197597473859787,"y":-0.001530720735900104,"z":0.0004569157026708126,"w":-0.9803305864334106},"size":39.642784118652347,"orthographic":false}