{"cameraMode":{"drawMode":0,"name":"Shaded","section":"Shading Mode"},"sceneLighting":false,"audioPlay":false,"sceneViewState":{"showFog":true,"showMaterialUpdate":true,"showSkybox":false,"showFlares":true,"showImageEffects":true,"showParticleSystems":true},"in2DMode":false,"pivot":{"x":14.200127601623536,"y":23.569530487060548,"z":-66.03213500976563},"rotation":{"x":-0.10181768238544464,"y":-0.6061604022979736,"z":0.07862882316112519,"w":-0.7848778367042542},"size":38.47846984863281,"orthographic":false}