{"cameraMode":{"drawMode":0,"name":"Shaded","section":"Shading Mode"},"sceneLighting":false,"audioPlay":false,"sceneViewState":{"showFog":true,"showMaterialUpdate":true,"showSkybox":false,"showFlares":true,"showImageEffects":true,"showParticleSystems":true},"in2DMode":false,"pivot":{"x":198.07443237304688,"y":168.9112548828125,"z":209.53271484375},"rotation":{"x":-0.197597473859787,"y":-0.001530720735900104,"z":0.0004569157026708126,"w":-0.9803305864334106},"size":22.800050735473634,"orthographic":false}