{"cameraMode":{"drawMode":0,"name":"Shaded","section":"Shading Mode"},"sceneLighting":false,"audioPlay":false,"sceneViewState":{"showFog":true,"showMaterialUpdate":true,"showSkybox":false,"showFlares":true,"showImageEffects":true,"showParticleSystems":true},"in2DMode":false,"pivot":{"x":-24.628341674804689,"y":21.467988967895509,"z":-24.983592987060548},"rotation":{"x":-0.3443417251110077,"y":-0.0180621650069952,"z":0.006623921450227499,"w":-0.9386593103408814},"size":2.1607742309570314,"orthographic":false}