{"cameraMode":{"drawMode":0,"name":"Shaded","section":"Shading Mode"},"sceneLighting":false,"audioPlay":false,"sceneViewState":{"showFog":true,"showMaterialUpdate":true,"showSkybox":false,"showFlares":true,"showImageEffects":true,"showParticleSystems":true},"in2DMode":false,"pivot":{"x":71.17424774169922,"y":23.78961181640625,"z":-3.316784381866455},"rotation":{"x":-0.06397636234760285,"y":-0.9256957769393921,"z":0.18196792900562287,"w":-0.3254287540912628},"size":11.267354011535645,"orthographic":false}