{"cameraMode":{"drawMode":0,"name":"Shaded","section":"Shading Mode"},"sceneLighting":false,"audioPlay":false,"sceneViewState":{"showFog":true,"showMaterialUpdate":true,"showSkybox":false,"showFlares":true,"showImageEffects":true,"showParticleSystems":true},"in2DMode":false,"pivot":{"x":391.87457275390627,"y":116.83414459228516,"z":150.4239501953125},"rotation":{"x":-0.023251404985785486,"y":0.5233915448188782,"z":-0.014301127754151822,"w":-0.8516867756843567},"size":37.307369232177737,"orthographic":false}