{"cameraMode":{"drawMode":0,"name":"Shaded","section":"Shading Mode"},"sceneLighting":false,"audioPlay":false,"sceneViewState":{"showFog":true,"showMaterialUpdate":true,"showSkybox":false,"showFlares":true,"showImageEffects":true,"showParticleSystems":true},"in2DMode":false,"pivot":{"x":75.43659973144531,"y":17.911645889282228,"z":46.690120697021487},"rotation":{"x":-0.005696035455912352,"y":-0.7317771911621094,"z":0.005765676498413086,"w":-0.6815953850746155},"size":46.27389907836914,"orthographic":false}