{"cameraMode":{"drawMode":0,"name":"Shaded","section":"Shading Mode"},"sceneLighting":false,"audioPlay":false,"sceneViewState":{"showFog":true,"showMaterialUpdate":true,"showSkybox":false,"showFlares":true,"showImageEffects":true,"showParticleSystems":true},"in2DMode":false,"pivot":{"x":0.4326052665710449,"y":2.2375168800354006,"z":-0.24234628677368165},"rotation":{"x":-0.09700290858745575,"y":-0.11269250512123108,"z":0.011191445402801037,"w":-0.9888638257980347},"size":23.024417877197267,"orthographic":false}