{"cameraMode":{"drawMode":0,"name":"Shaded","section":"Shading Mode"},"sceneLighting":false,"audioPlay":false,"sceneViewState":{"showFog":true,"showMaterialUpdate":true,"showSkybox":false,"showFlares":true,"showImageEffects":true,"showParticleSystems":true},"in2DMode":false,"pivot":{"x":347.541015625,"y":96.62120056152344,"z":160.60955810546876},"rotation":{"x":-0.3542514443397522,"y":-0.15964987874031068,"z":0.0616537481546402,"w":-0.9194014072418213},"size":18.47408676147461,"orthographic":false}