{"cameraMode":{"drawMode":0,"name":"Shaded","section":"Shading Mode"},"sceneLighting":false,"audioPlay":false,"sceneViewState":{"showFog":true,"showMaterialUpdate":true,"showSkybox":false,"showFlares":true,"showImageEffects":true,"showParticleSystems":true},"in2DMode":false,"pivot":{"x":-61.631927490234378,"y":27.383441925048829,"z":-36.66281509399414},"rotation":{"x":-0.42181771993637087,"y":0.10485540330410004,"z":-0.04919290915131569,"w":-0.899262011051178},"size":55.898372650146487,"orthographic":false}