{"cameraMode":{"drawMode":0,"name":"Shaded","section":"Shading Mode"},"sceneLighting":false,"audioPlay":false,"sceneViewState":{"showFog":true,"showMaterialUpdate":true,"showSkybox":false,"showFlares":true,"showImageEffects":true,"showParticleSystems":true},"in2DMode":false,"pivot":{"x":366.40472412109377,"y":103.60069274902344,"z":156.73101806640626},"rotation":{"x":0.01226502750068903,"y":0.9470109343528748,"z":-0.31899163126945498,"w":0.03690054640173912},"size":23.623178482055665,"orthographic":false}