{"cameraMode":{"drawMode":0,"name":"Shaded","section":"Shading Mode"},"sceneLighting":false,"audioPlay":false,"sceneViewState":{"showFog":true,"showMaterialUpdate":true,"showSkybox":false,"showFlares":true,"showImageEffects":true,"showParticleSystems":true},"in2DMode":false,"pivot":{"x":355.8207092285156,"y":98.2152099609375,"z":140.9499969482422},"rotation":{"x":-0.3312907814979553,"y":-0.026355866342782975,"z":0.009393079206347466,"w":-0.9431570768356323},"size":6.787815570831299,"orthographic":false}