{"cameraMode":{"drawMode":0,"name":"Shaded","section":"Shading Mode"},"sceneLighting":false,"audioPlay":false,"sceneViewState":{"showFog":true,"showMaterialUpdate":true,"showSkybox":false,"showFlares":true,"showImageEffects":true,"showParticleSystems":true},"in2DMode":false,"pivot":{"x":0.3482641577720642,"y":-0.27399909496307375,"z":0.023888181895017625},"rotation":{"x":0.012009701691567898,"y":-0.9815431833267212,"z":0.1792210340499878,"w":0.06580765545368195},"size":6.741949081420898,"orthographic":false}