{"cameraMode":{"drawMode":0,"name":"Shaded","section":"Shading Mode"},"sceneLighting":false,"audioPlay":false,"sceneViewState":{"showFog":true,"showMaterialUpdate":true,"showSkybox":false,"showFlares":true,"showImageEffects":true,"showParticleSystems":true},"in2DMode":false,"pivot":{"x":543.9030151367188,"y":87.33037567138672,"z":419.2542724609375},"rotation":{"x":-0.06102210655808449,"y":-0.5546236634254456,"z":0.04033118486404419,"w":-0.8289909362792969},"size":70.70821380615235,"orthographic":false}