{"cameraMode":{"drawMode":0,"name":"Shaded","section":"Shading Mode"},"sceneLighting":false,"audioPlay":false,"sceneViewState":{"showFog":true,"showMaterialUpdate":true,"showSkybox":false,"showFlares":true,"showImageEffects":true,"showParticleSystems":true},"in2DMode":false,"pivot":{"x":337.5736083984375,"y":98.12222290039063,"z":145.22000122070313},"rotation":{"x":-0.2886618971824646,"y":0.35782548785209658,"z":-0.1171775609254837,"w":-0.8803326487541199},"size":6.90534782409668,"orthographic":false}