{"cameraMode":{"drawMode":0,"name":"Shaded","section":"Shading Mode"},"sceneLighting":false,"audioPlay":false,"sceneViewState":{"showFog":true,"showMaterialUpdate":true,"showSkybox":false,"showFlares":true,"showImageEffects":true,"showParticleSystems":true},"in2DMode":false,"pivot":{"x":93.60580444335938,"y":10.496931076049805,"z":-11.732942581176758},"rotation":{"x":-0.21185767650604249,"y":-0.686116099357605,"z":0.2201583832502365,"w":-0.6602323651313782},"size":79.565185546875,"orthographic":false}