{"cameraMode":{"drawMode":0,"name":"Shaded","section":"Shading Mode"},"sceneLighting":false,"audioPlay":false,"sceneViewState":{"showFog":true,"showMaterialUpdate":true,"showSkybox":false,"showFlares":true,"showImageEffects":true,"showParticleSystems":true},"in2DMode":false,"pivot":{"x":-1.858473300933838,"y":21.706100463867189,"z":-4.932123184204102},"rotation":{"x":-0.2791542708873749,"y":-0.06103936955332756,"z":0.01778162270784378,"w":-0.9581450819969177},"size":4.0565619468688969,"orthographic":false}