{"cameraMode":{"drawMode":0,"name":"Shaded","section":"Shading Mode"},"sceneLighting":false,"audioPlay":false,"sceneViewState":{"showFog":true,"showMaterialUpdate":true,"showSkybox":true,"showFlares":true,"showImageEffects":true,"showParticleSystems":true,"showVisualEffectGraphs":true,"m_FxEnabled":true},"in2DMode":false,"pivot":{"x":229.444580078125,"y":171.00637817382813,"z":3.2174453735351564},"rotation":{"x":-0.11516638100147248,"y":0.0011856728233397008,"z":-0.0018130328971892596,"w":-0.9935092926025391},"size":80.68510437011719,"orthographic":false}