{"cameraMode":{"drawMode":0,"name":"Shaded","section":"Shading Mode"},"sceneLighting":true,"audioPlay":false,"sceneViewState":{"showFog":true,"showMaterialUpdate":true,"showSkybox":true,"showFlares":true,"showImageEffects":true,"showParticleSystems":true,"showVisualEffectGraphs":true,"m_FxEnabled":true},"in2DMode":false,"pivot":{"x":561.2238159179688,"y":102.63856506347656,"z":1287.5811767578125},"rotation":{"x":-0.08628172427415848,"y":0.012864429503679276,"z":-0.0027720530051738025,"w":-0.9963310956954956},"size":217.98672485351563,"orthographic":false}