{"cameraMode":{"drawMode":0,"name":"Shaded","section":"Shading Mode"},"sceneLighting":true,"audioPlay":false,"sceneViewState":{"showFog":true,"showMaterialUpdate":true,"showSkybox":true,"showFlares":true,"showImageEffects":true,"showParticleSystems":true,"showVisualEffectGraphs":true,"m_FxEnabled":true},"in2DMode":false,"pivot":{"x":277.5308532714844,"y":-13.212395668029786,"z":131.8223876953125},"rotation":{"x":0.23126129806041718,"y":-0.017634712159633638,"z":0.005724003538489342,"w":0.9728753566741943},"size":46.335853576660159,"orthographic":false}