{"cameraMode":{"drawMode":0,"name":"Shaded","section":"Shading Mode"},"sceneLighting":true,"audioPlay":false,"sceneViewState":{"showFog":true,"showMaterialUpdate":true,"showSkybox":true,"showFlares":true,"showImageEffects":true,"showParticleSystems":true,"showVisualEffectGraphs":true,"m_FxEnabled":true},"in2DMode":false,"pivot":{"x":821.2750244140625,"y":96.84304809570313,"z":1080.9886474609375},"rotation":{"x":0.19508562982082368,"y":0.20303256809711457,"z":-0.039789117872714999,"w":0.9588728547096252},"size":496.9944763183594,"orthographic":false}