{"cameraMode":{"drawMode":0,"name":"Shaded","section":"Shading Mode"},"sceneLighting":false,"audioPlay":false,"sceneViewState":{"showFog":true,"showMaterialUpdate":true,"showSkybox":true,"showFlares":true,"showImageEffects":true,"showParticleSystems":true,"showVisualEffectGraphs":true,"m_FxEnabled":false},"in2DMode":false,"pivot":{"x":-0.49115705490112307,"y":2.9068942070007326,"z":-1.0152301788330079},"rotation":{"x":0.011139366775751114,"y":-0.9836008548736572,"z":0.07958795130252838,"w":0.16283001005649568},"size":8.518214225769043,"orthographic":false}